-- MySQL dump 10.13  Distrib 5.5.42-37.1, for Linux (x86_64)
--
-- Host: localhost    Database: eaccount_book
-- ------------------------------------------------------
-- Server version	5.5.42-37.1

/*!40101 SET @OLD_CHARACTER_SET_CLIENT=@@CHARACTER_SET_CLIENT */;
/*!40101 SET @OLD_CHARACTER_SET_RESULTS=@@CHARACTER_SET_RESULTS */;
/*!40101 SET @OLD_COLLATION_CONNECTION=@@COLLATION_CONNECTION */;
/*!40101 SET NAMES utf8 */;
/*!40103 SET @OLD_TIME_ZONE=@@TIME_ZONE */;
/*!40103 SET TIME_ZONE='+00:00' */;
/*!40014 SET @OLD_UNIQUE_CHECKS=@@UNIQUE_CHECKS, UNIQUE_CHECKS=0 */;
/*!40014 SET @OLD_FOREIGN_KEY_CHECKS=@@FOREIGN_KEY_CHECKS, FOREIGN_KEY_CHECKS=0 */;
/*!40101 SET @OLD_SQL_MODE=@@SQL_MODE, SQL_MODE='NO_AUTO_VALUE_ON_ZERO' */;
/*!40111 SET @OLD_SQL_NOTES=@@SQL_NOTES, SQL_NOTES=0 */;

--
-- Table structure for table `tbl_account_heads`
--

DROP TABLE IF EXISTS `tbl_account_heads`;
/*!40101 SET @saved_cs_client     = @@character_set_client */;
/*!40101 SET character_set_client = utf8 */;
CREATE TABLE `tbl_account_heads` (
  `id` int(11) NOT NULL AUTO_INCREMENT,
  `user_id` int(11) NOT NULL,
  `name` varchar(100) NOT NULL,
  `create_at` datetime NOT NULL,
  `head_status` tinyint(4) NOT NULL DEFAULT '1' COMMENT '1=active, 0=inactive',
  PRIMARY KEY (`id`)
) ENGINE=InnoDB AUTO_INCREMENT=60 DEFAULT CHARSET=utf8;
/*!40101 SET character_set_client = @saved_cs_client */;

--
-- Dumping data for table `tbl_account_heads`
--

LOCK TABLES `tbl_account_heads` WRITE;
/*!40000 ALTER TABLE `tbl_account_heads` DISABLE KEYS */;
INSERT INTO `tbl_account_heads` VALUES (1,5,'Family & Bazar','0000-00-00 00:00:00',1),(2,5,'House Rent & other charges','0000-00-00 00:00:00',1),(3,5,'Internet Bill','0000-00-00 00:00:00',1),(4,5,'Dish Bill','0000-00-00 00:00:00',1),(5,5,'Garbase Cleaner Bill','0000-00-00 00:00:00',1),(6,5,'Vehicle Fares','0000-00-00 00:00:00',1),(7,5,'Cost on Parents','0000-00-00 00:00:00',1),(8,5,'Cost on Jakir','0000-00-00 00:00:00',1),(9,5,'Monthly Salary','0000-00-00 00:00:00',1),(10,5,'Outsourcing ','0000-00-00 00:00:00',1),(11,5,'Shopping & Clothing','0000-00-00 00:00:00',1),(12,5,'Get Gift','0000-00-00 00:00:00',1),(13,5,'Borrow','0000-00-00 00:00:00',1),(14,5,'Nasta','0000-00-00 00:00:00',1),(15,5,'Techinical Cost','0000-00-00 00:00:00',1),(16,5,'Back Borrowed Money','0000-00-00 00:00:00',1),(17,5,'Flexiload Cost','0000-00-00 00:00:00',1),(18,15,'Mess_All_cost','0000-00-00 00:00:00',1),(19,15,'Bus_Van_cost','0000-00-00 00:00:00',1),(20,15,'Mess_meal','0000-00-00 00:00:00',0),(21,15,'Salary','0000-00-00 00:00:00',1),(22,15,'Daily_cost','0000-00-00 00:00:00',1),(23,15,'Out-Sourcing','0000-00-00 00:00:00',1),(24,15,'Food_other','0000-00-00 00:00:00',1),(25,17,'Study','0000-00-00 00:00:00',1),(26,20,'bazar','0000-00-00 00:00:00',1),(27,21,'Lunch','0000-00-00 00:00:00',1),(28,5,'Somiti','0000-00-00 00:00:00',1),(29,15,'Imu_sumon','0000-00-00 00:00:00',1),(30,15,'alamin','0000-00-00 00:00:00',1),(31,15,'eyacin','0000-00-00 00:00:00',1),(32,15,'Rahul','0000-00-00 00:00:00',1),(33,15,'Enamul','0000-00-00 00:00:00',1),(34,15,'Foisal','0000-00-00 00:00:00',1),(35,15,'Mukul','0000-00-00 00:00:00',0),(36,15,'Sultan','0000-00-00 00:00:00',1),(37,15,'M','0000-00-00 00:00:00',1),(38,15,'Mess_rent_Gotten','0000-00-00 00:00:00',1),(39,15,'Net_bill','0000-00-00 00:00:00',1),(40,15,'Cri_cost','0000-00-00 00:00:00',1),(41,22,'Anamul','0000-00-00 00:00:00',0),(42,22,'Rahul','0000-00-00 00:00:00',1),(43,22,'Sultan','0000-00-00 00:00:00',1),(44,22,'Foisal','0000-00-00 00:00:00',1),(45,22,'Murad','0000-00-00 00:00:00',1),(46,22,'Mizan','0000-00-00 00:00:00',1),(47,22,'Mukul','0000-00-00 00:00:00',1),(48,22,'Alamin','0000-00-00 00:00:00',0),(49,22,'Eyacin','0000-00-00 00:00:00',1),(50,22,'Alamin','0000-00-00 00:00:00',0),(51,16,'Loan','0000-00-00 00:00:00',1),(52,16,'Salary','0000-00-00 00:00:00',1),(53,22,'Anamul','0000-00-00 00:00:00',1),(54,22,'Al Amin','0000-00-00 00:00:00',1),(55,22,'Rent_Current','0000-00-00 00:00:00',1),(56,23,'Bazar','0000-00-00 00:00:00',1),(57,23,'Salary','0000-00-00 00:00:00',1),(58,22,'Monir','2016-02-04 17:41:40',1),(59,22,'Bua','2016-02-09 21:46:59',1);
/*!40000 ALTER TABLE `tbl_account_heads` ENABLE KEYS */;
UNLOCK TABLES;

--
-- Table structure for table `tbl_donations`
--

DROP TABLE IF EXISTS `tbl_donations`;
/*!40101 SET @saved_cs_client     = @@character_set_client */;
/*!40101 SET character_set_client = utf8 */;
CREATE TABLE `tbl_donations` (
  `id` int(11) NOT NULL AUTO_INCREMENT,
  `user_id` int(11) NOT NULL,
  `send_amount` double(10,2) NOT NULL,
  `sender_no` varchar(12) NOT NULL,
  `tran_id` varchar(15) NOT NULL,
  `email_confirm` tinyint(4) NOT NULL COMMENT '1=yes, 0=no',
  `donation_status` tinyint(4) NOT NULL DEFAULT '0' COMMENT '1=success, 0=pending',
  PRIMARY KEY (`id`)
) ENGINE=InnoDB AUTO_INCREMENT=2 DEFAULT CHARSET=latin1;
/*!40101 SET character_set_client = @saved_cs_client */;

--
-- Dumping data for table `tbl_donations`
--

LOCK TABLES `tbl_donations` WRITE;
/*!40000 ALTER TABLE `tbl_donations` DISABLE KEYS */;
INSERT INTO `tbl_donations` VALUES (1,5,10.00,'01718792556','123456',0,0);
/*!40000 ALTER TABLE `tbl_donations` ENABLE KEYS */;
UNLOCK TABLES;

--
-- Table structure for table `tbl_side_map`
--

DROP TABLE IF EXISTS `tbl_side_map`;
/*!40101 SET @saved_cs_client     = @@character_set_client */;
/*!40101 SET character_set_client = utf8 */;
CREATE TABLE `tbl_side_map` (
  `id` int(11) NOT NULL AUTO_INCREMENT,
  `module_title` varchar(50) NOT NULL,
  `module_value` varchar(50) NOT NULL,
  `page_title` varchar(50) NOT NULL,
  `page_value` varchar(50) NOT NULL,
  `path` text NOT NULL,
  `page_status` int(11) NOT NULL DEFAULT '1' COMMENT '1=active, 0=inactive',
  PRIMARY KEY (`id`)
) ENGINE=InnoDB AUTO_INCREMENT=12 DEFAULT CHARSET=utf8;
/*!40101 SET character_set_client = @saved_cs_client */;

--
-- Dumping data for table `tbl_side_map`
--

LOCK TABLES `tbl_side_map` WRITE;
/*!40000 ALTER TABLE `tbl_side_map` DISABLE KEYS */;
INSERT INTO `tbl_side_map` VALUES (1,'System User','system_user','Profile View','profile_view','module/system_user/user_profile_view.php',1),(2,'Add New','accounts','Add New Heads','heads','module/accounts/add_new_heads.php',1),(3,'Add New','accounts','Create New Voucher','voucher','module/accounts/add_new_voucher.php',1),(4,'Dashboard','dashboard','Quick Information','system_info','module/dashboard/system_information.php',1),(5,'Donation','system_user','Donate to System','donate','module/system_user/donation.php',1),(6,'Reports','accounts','Cost History','dr_history','module/accounts/dr_history.php',1),(7,'Reports','accounts','Income History','cr_history','module/accounts/cr_history.php',1),(8,'Reports','accounts','Voucher Summary','voucher_summary','module/accounts/voucher_summary.php',1),(9,'Logout','system_user','Logout','logout','module/system_user/logout.php',1),(10,'Add New','accounts','Voucher Update','voucher_update','module/accounts/voucher_update.php',1),(11,'Add New','accounts','Income Vs Cost','cr_dr_history','module/accounts/cr_dr_history.php',1);
/*!40000 ALTER TABLE `tbl_side_map` ENABLE KEYS */;
UNLOCK TABLES;

--
-- Table structure for table `tbl_user`
--

DROP TABLE IF EXISTS `tbl_user`;
/*!40101 SET @saved_cs_client     = @@character_set_client */;
/*!40101 SET character_set_client = utf8 */;
CREATE TABLE `tbl_user` (
  `id` int(11) NOT NULL AUTO_INCREMENT,
  `user_type` tinyint(11) NOT NULL,
  `user_id` varchar(100) NOT NULL,
  `password` varchar(50) NOT NULL,
  `secure_entry` varchar(50) NOT NULL,
  `name` varchar(100) NOT NULL,
  `birth_date` date NOT NULL,
  `phone_mob` varchar(25) NOT NULL,
  `email` varchar(100) NOT NULL,
  `user_image` tinytext NOT NULL,
  `com_name` varchar(100) NOT NULL,
  `com_address` text NOT NULL,
  `com_phone` varchar(25) NOT NULL,
  `create_at` datetime NOT NULL,
  `status` tinyint(4) NOT NULL DEFAULT '1',
  PRIMARY KEY (`id`)
) ENGINE=InnoDB AUTO_INCREMENT=25 DEFAULT CHARSET=utf8;
/*!40101 SET character_set_client = @saved_cs_client */;

--
-- Dumping data for table `tbl_user`
--

LOCK TABLES `tbl_user` WRITE;
/*!40000 ALTER TABLE `tbl_user` DISABLE KEYS */;
INSERT INTO `tbl_user` VALUES (5,1,'admin','424e55d7de9ae792e405f6a40f3fdc48','792556','Bashar','1986-02-05','01718792556','a.bashar042@gmail.com','images/reg_user_img/56a30bffb8290.png','Idea It Bangladesh','474/2, 4c','01718792556','2015-07-21 18:13:27',1),(7,1,'admin@gmail.com','e10adc3949ba59abbe56e057f20f883e','123456','Alamin','0000-00-00','01718792556','admin@gmail.com','','','','','2015-08-18 21:05:25',1),(15,0,'Eyacin','e10adc3949ba59abbe56e057f20f883e','123456','Humayun Kabir','1989-12-10','01912941497','humayunkabireyacin@gmail.com','','','','','2015-09-17 06:11:20',1),(16,0,'minhaj','9f4022116be5bb77bc478ddcd0f75ef8','minhaj@123','','0000-00-00','01674410301','','','','','','2015-09-20 06:34:27',1),(17,0,'riponcse','67897ab8c751cc0845e17e0685dc790a','06021990','','0000-00-00','01722844559','','','','','','2015-09-21 11:45:38',1),(18,0,'nishadhasan','717244e09d91b1ff8d26e6a555bc6967','nishad.hasan123','','0000-00-00','01722683270','','','','','','2015-10-19 06:20:54',1),(20,0,'smsagor','202cb962ac59075b964b07152d234b70','123','','0000-00-00','01683205906','mosharaf.optimal@gmail.com','','','','','2015-11-29 11:52:40',1),(21,0,'shamim','bbda77b83d2b6993ab65d3ee1fa5ca35','eaccount','','0000-00-00','01931427281','','','','','','2015-12-09 10:56:01',1),(22,0,'mess_eya','202cb962ac59075b964b07152d234b70','123','Eyacin_mess','1989-12-10','01912941497','humayunkabireyacin@yahoo.com','','','','','2016-01-19 05:00:23',1),(23,0,'test_by_dev','202cb962ac59075b964b07152d234b70','123','','0000-00-00','','bashar.optimal@gmail.com','','','','','2016-01-29 16:19:14',1),(24,0,'niger','a0491dcc9be16998a7711e880406a518','shova143','','0000-00-00','','niger.optimal@gmail.com','','','','','2016-05-16 15:27:16',1);
/*!40000 ALTER TABLE `tbl_user` ENABLE KEYS */;
UNLOCK TABLES;

--
-- Table structure for table `tbl_voucher_details`
--

DROP TABLE IF EXISTS `tbl_voucher_details`;
/*!40101 SET @saved_cs_client     = @@character_set_client */;
/*!40101 SET character_set_client = utf8 */;
CREATE TABLE `tbl_voucher_details` (
  `id` int(11) NOT NULL AUTO_INCREMENT,
  `voucher_id` int(11) NOT NULL,
  `head_type` varchar(3) NOT NULL,
  `head_name_id` int(11) NOT NULL,
  `description` text NOT NULL,
  `item_dt` datetime NOT NULL,
  `amount` double(10,2) NOT NULL,
  `user_id` int(11) NOT NULL,
  PRIMARY KEY (`id`)
) ENGINE=InnoDB AUTO_INCREMENT=320 DEFAULT CHARSET=utf8;
/*!40101 SET character_set_client = @saved_cs_client */;

--
-- Dumping data for table `tbl_voucher_details`
--

LOCK TABLES `tbl_voucher_details` WRITE;
/*!40000 ALTER TABLE `tbl_voucher_details` DISABLE KEYS */;
INSERT INTO `tbl_voucher_details` VALUES (1,1,'Cr',9,'1st step of salary @ Sep-2015','2015-09-06 19:20:00',5000.00,5),(2,1,'Cr',9,'2nd step of salary @ Sep-2015','2015-09-10 20:59:00',20000.00,5),(3,1,'Dr',6,'Rickshaw and Bus fare','2015-09-10 20:59:00',55.00,5),(4,1,'Dr',1,'Namaj Cal.(30), Sweet(140), Bread(35), pape(20),Vegitables(10)','2015-09-10 20:59:00',235.00,5),(5,1,'Dr',11,'Panjabi\'s cloth for me and sami(2080), Ruman\'s Hijab cloth(620)','2015-09-10 20:59:00',2700.00,5),(6,2,'Cr',12,'Cunnu kara for panjabi','2015-09-08 21:10:00',1500.00,5),(7,3,'Cr',9,'Sami\'s Milk, Ruman\'s dress and others','2015-09-06 21:50:00',1600.00,5),(8,4,'Dr',1,'Hen and ploar rice','2015-09-07 21:55:00',600.00,5),(9,5,'Dr',1,'Dss family bazar','2015-09-12 20:00:00',820.00,5),(10,5,'Dr',2,'House rent','2015-09-12 20:00:00',14364.00,5),(11,5,'Dr',1,'Egg + kocu','2015-09-12 20:00:00',65.00,5),(12,5,'Dr',1,'Tafseer(50)+Flexi(30)','2015-09-12 20:00:00',80.00,5),(13,6,'Dr',1,'Sami\'s Milk & others','2015-09-14 05:25:00',1000.00,5),(14,6,'Dr',1,'Milk powder, Beena\'s salary, others','2015-09-14 05:25:00',1200.00,5),(15,7,'Cr',9,'rest of salary','2015-09-15 18:06:00',30000.00,5),(16,7,'Dr',1,'bazar','2015-09-15 18:06:00',445.00,5),(17,7,'Dr',6,'rickshaw','2015-09-15 18:06:00',30.00,5),(18,7,'Dr',14,'singara','2015-09-15 18:06:00',20.00,5),(19,8,'Dr',15,'domain+hosting','2015-09-16 17:03:00',2000.00,5),(20,8,'Dr',1,'sami\'s Hen+butter  bon','2015-09-16 17:03:00',430.00,5),(21,8,'Dr',6,'rickshaw+bus','2015-09-16 17:03:00',50.00,5),(22,9,'Dr',16,'Eacin+Ripon vai','2015-09-16 21:30:00',4500.00,5),(23,10,'Dr',7,'Sent to Abba ','2015-09-16 21:32:00',3060.00,5),(24,11,'Dr',8,'Give money to jakir','2015-09-17 04:54:00',1000.00,5),(25,11,'Dr',6,'rickshaw','2015-09-17 04:54:00',20.00,5),(26,11,'Dr',17,'gp no','2015-09-17 04:54:00',30.00,5),(27,12,'Dr',14,'Lunch','2015-09-17 08:00:00',20.00,5),(28,13,'Cr',21,'','2015-09-14 07:46:00',10000.00,15),(29,14,'Dr',1,'sami\\\'s rice+daal','2015-09-17 18:43:00',80.00,5),(30,14,'Dr',6,'rickshaw','2015-09-17 18:43:00',40.00,5),(31,14,'Dr',11,'panjabi\\\'s wages,rumana\\\'s leg socks, tasnim hijab','2015-09-17 18:43:00',790.00,5),(32,14,'Dr',14,'tea+water+muri','2015-09-17 18:43:00',43.00,5),(33,14,'Dr',16,'Quran\\\'s Tafseer','2015-09-17 18:43:00',700.00,5),(34,14,'Dr',1,'Ice Cream','2015-09-17 18:43:00',20.00,5),(35,15,'Dr',1,'at the beginig of month','2015-09-18 02:25:00',6000.00,5),(36,16,'Dr',1,'ear top','2015-09-18 16:39:00',8000.00,5),(37,16,'Dr',1,'Sami+saad chain(1800)','2015-09-18 16:39:00',1800.00,5),(38,16,'Dr',6,'vehicle','2015-09-18 16:39:00',100.00,5),(39,16,'Dr',1,'bazar','2015-09-18 16:39:00',125.00,5),(40,17,'Cr',12,'for nupur+chain','2015-09-18 16:41:00',2700.00,5),(41,18,'Dr',1,'100 for cunnu kaka','2015-09-19 04:43:00',100.00,5),(42,18,'Dr',6,'rickshaw','2015-09-19 04:43:00',20.00,5),(43,19,'Dr',14,'Nasta','2015-09-19 07:48:00',20.00,5),(44,20,'Dr',14,'lunch','2015-09-20 15:03:00',35.00,5),(45,20,'Dr',1,'Sweet+bakor khani','2015-09-20 15:03:00',150.00,5),(46,20,'Dr',1,'Vegitables','2015-09-20 15:03:00',60.00,5),(47,21,'Dr',1,'Korbani ','2015-09-18 17:54:00',7000.00,5),(48,21,'Dr',1,'Fare+mosla','2015-09-20 17:54:00',40.00,5),(49,22,'Dr',1,'wheel powder & others','2015-09-21 03:52:00',80.00,5),(50,23,'Dr',1,'fare','2015-09-21 06:32:00',30.00,5),(51,24,'Dr',14,'coffe','2015-09-21 11:27:00',20.00,5),(52,25,'Dr',1,'Milk powder & other','2015-09-22 06:00:00',753.00,5),(53,25,'Dr',1,'Tailers+flexi','2015-09-22 06:00:00',190.00,5),(54,26,'Dr',1,'Shopping','2015-09-22 08:00:00',3500.00,5),(55,26,'Dr',1,'Abba','2015-09-24 08:00:00',3000.00,5),(56,26,'Dr',1,'Chula','2015-09-24 08:00:00',4000.00,5),(57,26,'Dr',1,'Sweet & others','2015-09-24 08:00:00',1000.00,5),(58,27,'Dr',1,'Shopping','2015-09-22 08:00:00',3500.00,5),(59,27,'Dr',1,'Abba','2015-09-24 08:00:00',3000.00,5),(60,27,'Dr',1,'Chula','2015-09-24 08:00:00',4000.00,5),(61,27,'Dr',1,'Sweet & others','2015-09-24 08:00:00',1000.00,5),(62,28,'Dr',1,'Gift to Redoan','2015-09-30 07:51:00',5000.00,5),(63,28,'Dr',6,'vehicle cost','2015-09-30 07:51:00',650.00,5),(64,28,'Dr',1,'sweet+fruit','2015-09-30 07:51:00',550.00,5),(65,28,'Dr',6,'Back to dhaka','2015-09-30 07:51:00',370.00,5),(66,28,'Dr',1,'Gas oven','2015-09-30 07:51:00',2000.00,5),(67,28,'Dr',1,'furniture','2015-09-30 07:51:00',200.00,5),(68,28,'Dr',1,'others cost','2015-09-30 07:51:00',1000.00,5),(69,29,'Dr',1,'back to dhaka lunch','2015-09-30 07:57:00',65.00,5),(70,30,'Dr',18,'','2015-09-30 17:03:00',6000.00,15),(71,31,'Dr',19,'','2015-08-30 17:07:00',40.00,15),(72,31,'Dr',19,'','2015-09-30 17:07:00',20.00,15),(73,31,'Dr',18,'meal','2015-09-30 17:07:00',70.00,15),(74,31,'Dr',18,'meal','2015-09-29 17:07:00',150.00,15),(75,32,'Dr',1,'bazar','2015-10-01 01:39:00',150.00,5),(76,33,'Dr',1,'rickshaw+flexi+egg','2015-10-01 06:43:00',80.00,5),(77,34,'Dr',16,'Back Hannan vi\\\'s 150/-','2015-10-01 15:50:00',150.00,5),(78,35,'Dr',1,'rickshaw+nasta+sadaa','2015-10-01 15:51:00',60.00,5),(79,36,'Dr',1,'bazar','2015-10-01 15:52:00',60.00,5),(80,37,'Dr',6,'cost','2015-10-02 05:13:00',50.00,5),(81,38,'Dr',19,'','2015-10-04 16:15:00',40.00,15),(82,39,'Dr',18,'','2015-10-04 16:19:00',5431.00,15),(83,39,'Dr',22,'','2015-10-04 16:19:00',465.00,15),(84,39,'Cr',21,'','2015-10-04 16:19:00',20000.00,15),(85,39,'Dr',19,'','2015-10-04 16:19:00',200.00,15),(86,40,'Cr',13,'Take money from eacin','2015-10-05 11:32:00',500.00,5),(87,40,'Dr',1,'fleaxy+ charger','2015-10-05 11:32:00',200.00,5),(88,40,'Dr',1,'nastha','2015-10-05 11:32:00',50.00,5),(89,41,'Dr',1,'charger change','2015-10-05 11:50:00',50.00,5),(90,42,'Cr',23,'','2015-10-07 15:46:00',5000.00,15),(91,42,'Dr',24,'','2015-10-07 15:46:00',40.00,15),(92,42,'Dr',24,'','2015-10-07 15:46:00',100.00,15),(93,43,'Dr',19,'','2015-10-07 15:49:00',40.00,15),(94,43,'Dr',22,'','2015-10-07 15:49:00',100.00,15),(95,45,'Dr',0,'House rent','2015-10-10 14:49:00',6000.00,17),(96,46,'Dr',25,'','2015-10-10 14:52:00',3535.00,17),(97,47,'Cr',13,'Take money from eacin','2015-10-09 06:57:00',1000.00,5),(98,47,'Cr',9,'1st partial of Sep-15','2015-10-07 06:57:00',8000.00,5),(99,47,'Cr',9,'2nd partial of sep-15','2015-10-10 06:57:00',2000.00,5),(100,47,'Dr',2,'Bina\\\'s salary','2015-10-11 06:57:00',500.00,5),(101,48,'Cr',9,'3rd Phase of salary Sep-2015','2015-10-12 09:39:00',25000.00,5),(102,49,'Cr',9,'4th phase Salary-sep-15','2015-10-15 02:32:00',20000.00,5),(103,49,'Cr',13,'Eacin','2015-10-15 02:32:00',500.00,5),(104,50,'Dr',1,'Morning 700/-+ Evening 250/-','2015-10-17 06:13:00',950.00,5),(105,50,'Dr',6,'rickshaw','2015-10-18 06:13:00',30.00,5),(106,51,'Dr',16,'Eacins (2500)','2015-10-18 06:16:00',2000.00,5),(107,51,'Dr',3,'15.10.15','2015-10-18 06:16:00',300.00,5),(108,52,'Cr',9,'Salary 1 phase @ 2015.10.26','2015-11-01 05:32:00',2000.00,5),(109,53,'Cr',9,'2nd phase salary @ Nov-2015','2015-11-02 13:16:00',6000.00,5),(110,54,'Cr',9,'3rd phase, received @ 0 9.11.2015','2015-11-10 05:37:00',20000.00,5),(111,54,'Dr',1,'chal,daal, murgi, milk powder','2015-11-09 05:37:00',2500.00,5),(112,55,'Cr',9,'4th phase Salar-Nov-2015','2015-11-12 15:16:00',5000.00,5),(113,55,'Dr',1,'bazar','2015-11-12 15:16:00',300.00,5),(114,56,'Cr',9,'5th phase Salar-Nov-2015','2015-11-20 03:31:00',7000.00,5),(115,57,'Cr',9,'6th phase salary @ Nov-2015','2015-11-23 12:20:00',10000.00,5),(116,58,'Dr',26,'total 1000','2015-11-29 11:53:00',1000.00,20),(117,58,'Dr',26,'mill cost','2015-11-29 11:53:00',500.00,20),(118,59,'Cr',13,'Browing 40k+10k','2015-12-01 04:38:00',50000.00,5),(119,59,'Dr',16,'Dismis Tanveer vai last 25k','2015-12-03 04:38:00',25000.00,5),(120,59,'Dr',7,'Traetment of my mother','2015-12-04 04:38:00',10000.00,5),(121,59,'Dr',2,'bank charges 2438+1208','2015-12-04 04:38:00',3646.00,5),(122,59,'Dr',1,'Bazar','2015-12-04 04:38:00',562.00,5),(123,60,'Cr',9,'Last phase of salary Nov-15@3.12.15','2015-11-30 08:47:00',5000.00,5),(124,61,'Cr',9,'1# salary Nov-15@09.12.15','2015-12-10 05:59:00',20000.00,5),(125,61,'Cr',13,'From father of law','2015-12-10 05:59:00',20000.00,5),(126,61,'Dr',28,'Deposit 32k@09.12.15','2015-12-10 05:59:00',32000.00,5),(127,61,'Dr',3,'09.12.15','2015-12-10 05:59:00',300.00,5),(128,61,'Dr',1,'Bazar','2015-12-10 05:59:00',1500.00,5),(129,62,'Cr',9,'2nd phase salary @ Dec-2015','2015-12-15 08:20:00',25000.00,5),(130,62,'Dr',2,'Dec-15','2015-12-15 08:20:00',14133.00,5),(131,62,'Dr',8,'Jakir-tution and others','2015-12-15 08:20:00',4600.00,5),(132,63,'Cr',9,'last phase','2015-12-20 19:06:00',10000.00,5),(133,63,'Dr',16,'Eacin 5k-2k=3k','2015-12-20 19:06:00',2000.00,5),(134,63,'Dr',1,'Bazar','2015-12-20 19:06:00',1000.00,5),(135,64,'Dr',29,'4000 to sumon (2 times)','2015-12-21 12:01:00',4000.00,15),(136,64,'Dr',29,'2000 to imu on 20 dec 2015','2015-12-21 12:01:00',2000.00,15),(137,65,'Dr',18,'nov 2015','2015-12-21 12:30:00',3500.00,15),(138,65,'Dr',19,'','2015-12-21 12:30:00',500.00,15),(139,66,'Dr',24,'','2015-12-23 13:41:00',200.00,15),(140,66,'Dr',31,'','2015-12-23 13:41:00',500.00,15),(141,66,'Dr',19,'','2015-12-23 13:41:00',100.00,15),(142,67,'Cr',9,'Salary 1st phase Dec-2015@27.12.15','2016-01-01 18:01:00',2000.00,5),(143,67,'Dr',1,'Birani for Naeem & all','2016-01-01 18:01:00',1200.00,5),(144,68,'Cr',9,'2nd phase salary @ 2015-12-29','2016-01-01 10:53:00',3000.00,5),(145,69,'Cr',38,'Enamul','2016-01-02 13:33:00',1500.00,15),(146,69,'Cr',38,'Rahul','2016-01-02 13:33:00',1500.00,15),(147,70,'Cr',21,'myacademy','2015-01-04 16:31:00',2000.00,15),(148,72,'Cr',9,'3nd phase salary @ Dec-2015, rec@03.01.2016  ','2016-01-03 11:57:00',5000.00,5),(149,73,'Cr',9,'4th phase salary dec-15','2016-01-07 15:28:00',5000.00,5),(150,73,'Dr',1,'bazar+eyacin','2016-01-07 15:28:00',1000.00,5),(151,74,'Cr',9,'disclose amount: 11.5k+1k=12.5k, but total - 17k','2016-01-11 13:16:00',2000.00,5),(152,75,'Dr',39,'dec_15','2016-01-12 15:24:00',300.00,15),(153,75,'Dr',39,'jan','2016-01-12 15:24:00',300.00,15),(154,75,'Dr',39,'nov_15','2016-01-12 15:24:00',300.00,15),(155,76,'Dr',40,'1000 to imu for field','2016-01-16 08:06:00',1000.00,15),(156,77,'Cr',9,'disclose amount: 13k + 17k = 30k , but actual: 17k+20k=37k','2016-01-16 08:04:00',20000.00,5),(157,77,'Dr',1,'Bazar+sami\\\'s doctor: 1200/-, fruit: 220/-, House rent: 13810/-','2016-01-16 08:04:00',15230.00,5),(158,77,'Dr',3,'Current month','2016-01-16 08:04:00',300.00,5),(159,77,'Dr',7,'Coming to Dk','2016-01-16 08:04:00',1020.00,5),(160,77,'Dr',2,'Bina\\\'s salary','2016-01-16 08:04:00',685.00,5),(161,78,'Cr',21,'','2016-01-14 00:00:00',10000.00,15),(162,79,'Cr',9,'disclose amount: 30k+2k = 32k , but actual: 37k+2k=39k','2016-01-21 05:31:00',2000.00,5),(163,79,'Dr',1,'bazar','2016-01-21 05:31:00',1000.00,5),(164,79,'Dr',16,'Eyacin','2016-01-21 05:31:00',500.00,5),(165,80,'Cr',9,'disclose baki 7 k, actual 6k','2016-01-21 00:00:00',10000.00,5),(166,81,'Cr',9,'Salary od Dec-15','2016-01-26 12:36:00',6000.00,5),(167,81,'Dr',15,'Renew ideaitbd.com domain-hosting','2016-01-26 12:36:00',2000.00,5),(168,82,'Cr',54,'rent','2016-01-27 18:20:00',1667.00,22),(169,82,'Cr',53,'rent','2016-01-27 18:20:00',1500.00,22),(170,82,'Cr',46,'rent','2016-01-27 18:20:00',2000.00,22),(171,82,'Cr',45,'rent','2016-01-27 18:20:00',1000.00,22),(172,83,'Cr',54,'current','2016-01-27 18:26:00',202.00,22),(173,83,'Dr',55,'current','2016-01-27 18:26:00',1818.00,22),(174,84,'Dr',1,'doctor purpose','2016-01-28 05:40:00',750.00,5),(175,84,'Dr',1,'Bazar','2016-01-28 05:40:00',700.00,5),(176,85,'Cr',54,'rent','2016-01-28 06:08:00',1667.00,22),(177,85,'Cr',53,'rent','2016-01-28 06:08:00',1500.00,22),(178,85,'Cr',46,'rent','2016-01-28 06:08:00',2000.00,22),(179,85,'Cr',45,'rent','2016-01-28 06:08:00',1000.00,22),(180,85,'Dr',55,'','2016-01-28 06:08:00',15000.00,22),(181,86,'Dr',56,'ff','2016-01-29 16:19:00',100.00,23),(182,86,'Dr',56,'dfg','2016-01-29 16:19:00',800.00,23),(183,86,'Dr',56,'rr','2016-01-29 16:19:00',50.00,23),(184,86,'Cr',57,'fdsgsdfg','2016-01-29 16:19:00',10000.00,23),(185,86,'Dr',56,'sdfsdf','2016-01-29 16:19:00',100.00,23),(186,86,'Dr',56,'dfgdfg','2016-01-29 16:19:00',50.00,23),(187,86,'Dr',56,'dsfdfg','2016-01-29 16:19:00',100.00,23),(188,86,'Dr',56,'ertret','2016-01-29 16:19:00',200.00,23),(189,86,'Dr',56,'sdfsdaf','2016-01-29 16:19:00',200.00,23),(190,86,'Dr',56,'retert','2016-01-29 16:19:00',50.00,23),(191,86,'Cr',57,'sdfsdaf','2016-01-29 16:19:00',4000.00,23),(192,86,'Dr',56,'sdfasdf','2016-01-29 16:19:00',12.00,23),(193,86,'Dr',56,'dfsdaf','2016-01-29 16:19:00',7000.00,23),(194,87,'Cr',13,'Borrowing Money from Swapon @ 30.01.16','2016-01-31 09:16:00',3000.00,5),(195,87,'Dr',16,'paid for Rumana\\\'s Form Fill up amount + bazar','2016-01-31 09:16:00',1000.00,5),(196,88,'Dr',0,'Bazar','2016-02-02 06:49:00',1200.00,5),(197,88,'Dr',0,'Jakir\\\'s Vara','2016-02-02 06:49:00',200.00,5),(198,88,'Dr',0,'Drag','2016-02-02 06:49:00',350.00,5),(199,89,'Cr',0,'rent','2016-02-04 16:42:00',1500.00,22),(200,90,'Cr',0,'bua','2016-02-04 17:17:00',250.00,22),(201,90,'Cr',0,'\\\'\\\'','2016-02-04 17:17:00',350.00,22),(202,90,'Cr',0,'\\\'\\\'','2016-02-04 17:17:00',350.00,22),(203,90,'Cr',0,'\\\'\\\'','2016-02-04 17:17:00',350.00,22),(204,90,'Cr',0,'\\\'\\\'','2016-02-04 17:17:00',350.00,22),(205,90,'Cr',0,'\\\'\\\'','2016-02-04 17:17:00',350.00,22),(206,90,'Cr',0,'\\\'\\\'','2016-02-04 17:17:00',350.00,22),(207,90,'Cr',0,'monir','2016-02-04 17:17:00',250.00,22),(208,91,'Cr',0,'current','2016-02-04 17:42:00',200.00,22),(209,92,'Dr',1,'Saad+Rumana doctor+form fillup ','2016-02-04 19:55:00',2014.00,5),(210,92,'Dr',1,'Appel+Dss+vegitables+sami+my expence','2016-02-04 19:55:00',410.00,5),(211,93,'Cr',9,'1st phase salary jan-16','2016-02-04 00:00:00',3000.00,5),(212,93,'Cr',13,'A.salam','2016-02-03 06:15:00',1000.00,5),(213,94,'Dr',7,'Ca+PTH','2016-02-07 05:24:00',1445.00,5),(214,94,'Dr',8,'Jakr\\\'s vara','2016-02-07 05:24:00',100.00,5),(215,94,'Dr',1,'Rumana\\\'s Dress  + Birani','2016-02-07 05:24:00',750.00,5),(216,95,'Dr',1,'sent jasim @ Death of Loveli\\\'s F.in Law','2016-02-07 11:43:00',510.00,5),(217,96,'Dr',1,'Sami\\\'s Choklet','2016-02-07 11:47:00',50.00,5),(218,97,'Dr',1,'sami\\\'s choklet','2016-02-07 11:52:00',30.00,5),(219,98,'Dr',1,'à¦¸à¦¾à¦®à¦¿à¦° à¦šà¦•à¦²à§‡à¦Ÿ','2016-02-07 11:53:00',20.00,5),(220,99,'Dr',1,'sami\'s choklet','2016-02-07 12:22:00',30.00,5),(221,100,'Cr',9,'Disclose amount 8.5 k + 2k = 10.5 k, actual 5k','2016-02-07 21:47:00',2000.00,5),(222,100,'Dr',1,'Sami\'s+Saad\'s Milk and Fiter+others','2016-02-07 21:47:00',1700.00,5),(223,101,'Dr',8,'Jakir\'s Vara','2016-02-08 11:57:00',100.00,5),(224,101,'Dr',6,'Rickshaw','2016-02-08 11:57:00',30.00,5),(225,102,'Dr',6,'Rickshaw','2016-02-09 12:03:00',30.00,5),(226,102,'Dr',6,'Singara','2016-02-09 12:03:00',10.00,5),(227,103,'Dr',1,'à¦¬à¦¾à¦œà¦¾à¦° à¦–à¦°à¦š','2016-02-09 12:14:00',185.00,5),(228,104,'Cr',13,'from liton','2016-02-09 17:55:00',500.00,5),(229,105,'Cr',54,'rest','2016-02-09 21:47:00',1000.00,22),(230,105,'Cr',46,'','2016-02-09 21:47:00',2000.00,22),(231,106,'Dr',59,'rest 500+100','2016-02-09 21:53:00',2800.00,22),(232,107,'Dr',1,'à¦¬à¦¾à¦²à¦¿à¦¶','2016-02-10 17:44:00',150.00,5),(233,107,'Dr',1,'à¦…à¦¨à§à¦¯à¦¾à¦¨à§à¦¯ ','2016-02-10 17:44:00',300.00,5),(234,107,'Dr',6,'à¦­à¦¾à§œà¦¾','2016-02-10 17:44:00',50.00,5),(235,108,'Cr',43,'2 parson','2016-02-10 22:49:00',3000.00,22),(236,109,'Cr',13,'Borrowing from Boro Mama','2016-02-11 01:19:00',1000.00,5),(237,109,'Dr',1,'Feast for Mohi. kaka','2016-02-11 01:19:00',950.00,5),(238,110,'Dr',6,'Rickshaw','2016-02-11 11:39:00',20.00,5),(239,110,'Dr',8,'jakir','2016-02-11 11:39:00',50.00,5),(240,111,'Cr',9,'Salary 3rd Phase : Jan-16, total 5+20=25k, disclose: 12k+17k=29k','2016-02-11 18:38:00',20000.00,5),(241,111,'Dr',13,'Back Lition\'s borrow','2016-02-11 18:38:00',500.00,5),(242,112,'Dr',1,'Bazar+Ma\'r Osud','2016-02-12 01:36:00',850.00,5),(243,112,'Dr',2,'Garbase Cl. bill','2016-02-12 01:36:00',100.00,5),(244,112,'Dr',7,'Give Jakir for Bus rent to go Village','2016-02-12 01:36:00',1000.00,5),(245,113,'Dr',6,'à¦­à¦¾à§œà¦¾ ','2016-02-12 11:22:00',500.00,5),(246,114,'Dr',55,'current','2016-02-12 13:04:00',580.00,22),(247,115,'Dr',55,'rent','2016-02-12 13:05:00',8050.00,22),(248,116,'Dr',2,'13.02.16','2016-02-14 14:44:00',13755.00,5),(249,116,'Dr',1,'vara + others','2016-02-14 14:44:00',100.00,5),(250,116,'Dr',1,'Sami\'s Serial+others','2016-02-14 14:44:00',600.00,5),(251,116,'Dr',13,'Key borad','2016-02-14 14:44:00',500.00,5),(252,117,'Dr',16,'Back. A.Salam Borrowing money','2016-02-16 17:38:00',1000.00,5),(253,118,'Dr',16,'Back Eyacin\'s Tk','2016-02-16 18:00:00',1500.00,5),(254,119,'Cr',9,'Disclose(28k+15k=43k),Actual(25k+20k=45k))','2016-02-16 18:01:00',20000.00,5),(255,120,'Dr',8,'Jakir\'s Tution @ feb-16','2016-02-17 12:35:00',4000.00,5),(256,120,'Dr',7,' Abba\'s 3rd Chillah','2016-02-17 12:35:00',2500.00,5),(257,121,'Cr',9,'Last phase of salary: feb-16','2016-02-18 17:19:00',10000.00,5),(258,121,'Dr',1,'Sami\'s doctor+khoroc','2016-02-18 17:19:00',1400.00,5),(259,122,'Dr',1,'à¦›à§‹à¦Ÿà¦¦à§‡à¦° à¦•à§‡à¦¨à¦¾-à¦•à¦¾à¦Ÿà¦¾','2016-02-20 11:11:00',2000.00,5),(260,123,'Dr',54,'','2016-02-20 19:43:00',65.00,22),(261,124,'Cr',47,'rest rent','2016-02-22 11:10:00',334.00,22),(262,124,'Cr',47,' current 64*2','2016-02-22 11:10:00',128.00,22),(263,125,'Cr',13,'Liton=1k,eyacin=1.1k,shahed=2k,Rumana=1.1k','2016-03-01 11:56:00',5200.00,5),(264,125,'Dr',1,'Ticket, boksis, Sami\'s milk, Bazar, others','2016-03-01 11:56:00',5200.00,5),(265,126,'Cr',54,'801/9=89','2016-03-05 14:34:00',89.00,22),(266,127,'Cr',9,'Disclose=3k, Actual=5k','2016-03-06 10:23:00',5000.00,5),(267,127,'Dr',7,'Sent to Jasim','2016-03-06 10:23:00',1000.00,5),(268,127,'Dr',8,'Jakir\'s Vara','2016-03-06 10:23:00',200.00,5),(269,127,'Dr',1,'Bazar','2016-03-06 10:23:00',3300.00,5),(270,128,'Cr',54,'','2016-03-07 19:31:00',350.00,22),(271,129,'Cr',44,'total= 145','2016-03-07 19:37:00',89.00,22),(272,129,'Cr',43,'\'\'','2016-03-07 19:37:00',89.00,22),(273,130,'Cr',47,'total= 145','2016-03-07 20:04:00',89.00,22),(274,130,'Cr',54,'\'\'','2016-03-07 20:04:00',89.00,22),(275,130,'Cr',46,'only paper+moila','2016-03-07 20:04:00',56.00,22),(276,131,'Cr',13,'Disclose:take back 1k borrowing but actual take 1k from swapon','2016-03-09 16:19:00',1000.00,5),(277,131,'Dr',1,'bazar','2016-03-09 16:19:00',500.00,5),(278,132,'Dr',1,'bazar','2016-03-09 16:37:00',1000.00,5),(279,133,'Dr',13,'Back Eyacin\'s Tk(1k, from 1.2k )','2016-03-13 10:45:00',1000.00,5),(280,134,'Cr',54,'','2016-03-14 19:38:00',1667.00,22),(281,134,'Cr',46,'','2016-03-14 19:38:00',2000.00,22),(282,134,'Cr',42,'!!!','2016-03-14 19:38:00',2000.00,22),(283,135,'Cr',42,'bua','2016-03-14 19:39:00',350.00,22),(284,135,'Cr',42,'others 145','2016-03-14 19:39:00',145.00,22),(285,136,'Cr',9,'DiscloseAmount1k, Real@2k, Total disclose 24.5 k, real 28k','2016-03-17 11:32:00',2000.00,5),(286,136,'Dr',7,'Sent to Abba','2016-03-17 11:32:00',1000.00,5),(287,136,'Dr',1,'Bazar','2016-03-17 11:32:00',500.00,5),(288,137,'Cr',53,'rent','2016-03-22 00:12:00',2000.00,22),(289,137,'Cr',53,'current 145+65','2016-03-22 00:12:00',210.00,22),(290,137,'Cr',53,'bua','2016-03-22 00:12:00',350.00,22),(291,138,'Cr',9,'disclouse:24.5k, real: 28k','2016-03-22 14:25:00',28000.00,5),(292,138,'Dr',1,'Bazar','2016-03-22 14:25:00',2000.00,5),(293,139,'Cr',9,'real:20k, disclose:19k','2016-03-09 00:00:00',20000.00,5),(294,140,'Cr',9,'1st phase salary march-16 in Saad\'s Birthday','2016-04-04 00:00:00',5000.00,5),(295,141,'Cr',9,'2nd phase salary @March-2016','2016-04-11 18:18:00',2000.00,5),(296,142,'Cr',9,'3rd phase salary: March-2016','2016-04-12 00:00:00',15000.00,5),(297,142,'Dr',2,'Paid house rent','2016-04-13 12:53:00',13815.00,5),(298,142,'Dr',1,'bazar','2016-04-13 12:53:00',500.00,5),(299,143,'Cr',9,'4th Phase salary march-2016, via Eyacin','2016-04-16 10:49:00',5000.00,5),(300,143,'Dr',1,'bazar','2016-04-16 10:49:00',2000.00,5),(301,144,'Dr',49,'vara','2016-04-19 00:14:00',1500.00,22),(302,144,'Dr',49,'khana','2016-04-19 00:14:00',2200.00,22),(303,144,'Dr',49,'bua','2016-04-19 00:14:00',350.00,22),(304,144,'Dr',49,'riksha+..','2016-04-19 00:14:00',1100.00,22),(305,144,'Dr',49,'extra','2016-04-19 00:14:00',850.00,22),(306,145,'Cr',9,'Last-phase Salary :: March-2016','2016-04-21 11:32:00',28000.00,5),(307,146,'Cr',9,'Salary 1st phase @ April-16, disclouse-3k','2016-05-02 00:00:00',6000.00,5),(308,147,'Cr',9,'2nd Phase salary @ April-16','2016-05-12 11:51:00',30000.00,5),(309,147,'Dr',1,'Children\'s Food','2016-05-12 11:51:00',1700.00,5),(310,147,'Dr',13,'Back Eyacin\'s Money','2016-05-12 11:51:00',500.00,5),(311,147,'Dr',13,'Back to Somiti','2016-05-12 11:51:00',5000.00,5),(312,147,'Dr',16,'Back to A.Salam','2016-05-12 11:51:00',500.00,5),(313,147,'Dr',2,'House Rent + thers','2016-05-15 15:25:00',14000.00,5),(314,147,'Dr',1,'Bazar 2k+2k, Cloth Kmarul:1k','2016-05-15 15:25:00',5000.00,5),(315,147,'Dr',1,'Daily Cost 1k','2016-05-15 15:25:00',1000.00,5),(316,147,'Dr',7,'Home','2016-05-15 15:29:00',1400.00,5),(317,147,'Dr',8,'jakir','2016-05-15 15:29:00',300.00,5),(318,147,'Dr',17,'Bkash','2016-05-15 15:29:00',700.00,5),(319,147,'Dr',1,'gamcha+others','2016-05-15 15:29:00',500.00,5);
/*!40000 ALTER TABLE `tbl_voucher_details` ENABLE KEYS */;
UNLOCK TABLES;

--
-- Table structure for table `tbl_voucher_list`
--

DROP TABLE IF EXISTS `tbl_voucher_list`;
/*!40101 SET @saved_cs_client     = @@character_set_client */;
/*!40101 SET character_set_client = utf8 */;
CREATE TABLE `tbl_voucher_list` (
  `id` int(11) NOT NULL AUTO_INCREMENT,
  `user_id` int(11) NOT NULL,
  `voucher_nr` varchar(15) NOT NULL,
  `voucher_dt` datetime NOT NULL,
  `voucher_title` tinytext NOT NULL,
  `total_amout` double(10,2) NOT NULL,
  `voucher_status` tinyint(4) NOT NULL DEFAULT '1' COMMENT '1=active, 0=inactive',
  PRIMARY KEY (`id`)
) ENGINE=InnoDB AUTO_INCREMENT=148 DEFAULT CHARSET=utf8;
/*!40101 SET character_set_client = @saved_cs_client */;

--
-- Dumping data for table `tbl_voucher_list`
--

LOCK TABLES `tbl_voucher_list` WRITE;
/*!40000 ALTER TABLE `tbl_voucher_list` DISABLE KEYS */;
INSERT INTO `tbl_voucher_list` VALUES (1,5,'1441911565','2015-09-10 20:59:00','Panjabi from cunni kaka & partial salary:sep-2015',0.00,1),(2,5,'1441912216','2015-09-08 20:59:00','Cunnu kaka give 1.5k for panjabi',0.00,1),(3,5,'1441914648','2015-09-10 21:50:00','Get 1st partial salary of Sep-2015',0.00,1),(4,5,'1441914952','2015-09-10 21:55:00','Hen and ploar rice',0.00,1),(5,5,'1442080808','2015-09-12 20:00:00','House Rent-Sep 2015 & Dss family bazar',0.00,1),(6,5,'1442287506','2015-09-15 05:25:00','Cost of Ripon\'s Borrowing Money',0.00,1),(7,5,'1442333202','2015-09-15 18:06:00','salary-sep-2015',0.00,1),(8,5,'1442415826','2015-09-16 17:03:00','eaccountbook domain',0.00,1),(9,5,'1442439023','2015-09-16 21:30:00','Eacin+Ripon vai',0.00,1),(10,5,'1442439158','2015-09-16 21:32:00','Sent to Abba',0.00,1),(11,5,'1442465643','2015-09-17 04:54:00','Give money to jakir',0.00,1),(12,5,'1442476846','2015-09-17 08:00:00','Lunch ',0.00,1),(13,5,'1442479613','2015-09-17 08:46:00','September-2015',0.00,1),(14,5,'1442515412','2015-09-17 18:43:00','Paid Quran Tafseer price',0.00,1),(15,5,'1442543158','2015-09-18 02:25:00','the beginig of month',0.00,1),(16,5,'1442594367','2015-09-18 16:39:00','Rumana\\\'s gold ',0.00,1),(17,5,'1442594516','2015-09-18 16:41:00','Rumana give 2700',0.00,1),(18,5,'1442637812','2015-09-19 04:43:00','Give 100 to Rumana',0.00,1),(19,5,'1442648896','2015-09-19 07:48:00','Nasta',0.00,1),(20,5,'1442761410','2015-09-20 15:03:00','Lunch, Sweet',0.00,1),(21,5,'1442771690','2015-09-20 17:54:00','Korbani-2015',0.00,1),(22,5,'1442807549','2015-09-21 03:52:00','wheel powder',0.00,1),(23,5,'1442817129','2015-09-21 06:32:00','Cost',0.00,1),(24,5,'1442834870','2015-09-21 11:27:00','coffe',0.00,1),(25,5,'1442901634','2015-09-22 06:00:00','Sami\\\'s Milk powder',0.00,1),(26,5,'1443081613','2015-09-24 08:00:00','Cost of eid-ul-azha # 1',0.00,1),(27,5,'1443081613','2015-09-24 08:00:00','Cost of eid-ul-azha # 1',0.00,1),(28,5,'1443599493','2015-09-30 07:51:00','Gift to Redoan',0.00,1),(29,5,'1443599869','2015-09-30 07:57:00','back to dhaka lunch',0.00,1),(30,15,'1443632602','2015-09-30 17:03:00','mess cost',0.00,1),(31,15,'1443632861','2015-09-30 17:07:00','mess cost',0.00,1),(32,5,'1443663563','2015-10-01 01:39:00','Bazar',0.00,1),(33,5,'1443681817','2015-10-01 06:43:00','Cost before Johor-salat',0.00,1),(34,5,'1443714619','2015-10-01 15:50:00','Back Hannan vi\\\'s 150/-',0.00,1),(35,5,'1443714693','2015-10-01 15:51:00','others',0.00,1),(36,5,'1443714748','2015-10-01 15:52:00','bazar',0.00,1),(37,5,'1443762810','2015-10-02 05:13:00','rickshaw',0.00,1),(38,15,'1443975338','2015-10-04 16:15:00','van_cost',0.00,1),(39,15,'1443975552','2015-10-04 16:19:00','mj;lm;.',0.00,1),(40,5,'1444044749','2015-10-05 11:32:00','Take money from eacin',0.00,1),(41,5,'1444045800','2015-10-05 11:50:00','charger change',0.00,1),(42,15,'1444232804','2015-10-07 15:46:00','cost & income',0.00,1),(43,15,'1444232982','2015-10-07 15:49:00','bazar-10-10-15',0.00,1),(44,17,'1444488447','2015-10-10 14:47:00','House rent',0.00,1),(45,17,'1444488547','2015-10-10 14:49:00','House rent',0.00,1),(46,17,'1444488739','2015-10-10 14:52:00','University Cost',0.00,1),(47,5,'1444546622','2015-10-11 06:57:00','Take money from eacin',0.00,1),(48,5,'1444729141','2015-10-13 09:39:00','3rd Phase of salary Sep-2015',0.00,1),(49,5,'1444876365','2015-10-15 02:32:00','4th phase Salary-sep-15',0.00,1),(50,5,'1445148794','2015-10-18 06:13:00','17.10.15',0.00,1),(51,5,'1445149009','2015-10-18 06:16:00','Back Eacin\\\'s Borrowing maoney',0.00,1),(52,5,'1445923959','2015-10-27 05:32:00','Salary 1 phase @ October-2015',0.00,1),(53,5,'1446470197','2015-11-02 13:16:00','2nd phase salary @ Nov-2015',0.00,1),(54,5,'1447133830','2015-11-10 05:37:00','3nd phase salary @ Nov-2015',0.00,1),(55,5,'1447341377','2015-11-12 15:16:00','4th phase Salar-Nov-2015',0.00,1),(56,5,'1447990315','2015-11-20 03:31:00','5th phase Salar-Nov-2015',0.00,1),(57,5,'1448281233','2015-11-23 12:20:00','6th phase salary @ Nov-2015',0.00,1),(58,20,'1448798037','2015-11-29 11:53:00','29/11/15 bazar',0.00,1),(59,5,'1449203904','2015-12-04 04:38:00','Borrowing from Moffajel',0.00,1),(60,5,'1449564466','2015-12-08 08:47:00','Last phase of salary Nov-15',0.00,1),(61,5,'1449727171','2015-12-10 05:59:00','1st phase of salary Nov-15',0.00,1),(62,5,'1450167620','2015-12-15 08:20:00','2nd phase salary @ Dec-2015',0.00,1),(63,5,'1450638406','2015-12-20 19:06:00','3rd & last phase salary of Dec-15',0.00,1),(64,15,'1450699304','2015-12-21 12:01:00','Imu_sumon',0.00,1),(65,15,'1450701040','2015-12-21 12:30:00','mess cost',0.00,1),(66,15,'1450878063','2015-12-23 13:41:00','bazar',0.00,1),(67,5,'1451246345','2015-12-27 19:59:00','Salary 1st phase Dec-2015',0.00,1),(68,5,'1451472801','2015-12-30 10:53:00','2nd phase salary @Dec-2015',0.00,1),(69,15,'1451741631','2016-01-02 13:33:00','Mess_rent_gotten',0.00,1),(70,15,'1451925102','2016-01-04 16:31:00','salary',0.00,1),(71,15,'1451925224','2016-01-04 16:33:00','salary',0.00,1),(72,5,'1451995050','2016-01-05 11:57:00','3nd phase salary @ Dec-2015',0.00,1),(73,5,'1452180504','2016-01-07 15:28:00','4th phase salary of Dec-15',0.00,1),(74,5,'1452518210','2016-01-11 13:16:00','Part of Dec-15 salary',0.00,1),(75,15,'1452612258','2016-01-12 15:24:00','net_bill',0.00,1),(76,15,'1452931618','2016-01-16 08:06:00','Cri_cost',0.00,1),(77,5,'1452931470','2016-01-16 08:04:00','Salary @ dec - 2015',0.00,1),(78,15,'1452931779','2016-01-16 08:09:00','salary',0.00,1),(79,5,'1453354285','2016-01-21 05:31:00','Part of Dec-15 salary',0.00,1),(80,5,'1453526138','2016-01-23 05:15:00','Part of Dec-15 salary',0.00,1),(81,5,'1453811789','2016-01-26 12:36:00','Part of Dec-15 salary',0.00,1),(82,22,'1453918811','2016-01-27 18:20:00','January_2016',0.00,1),(83,22,'1453919205','2016-01-27 18:26:00','January_2016_current',0.00,1),(84,5,'1453959658','2016-01-28 05:40:00','Rumana\\\'s Doctor visit',0.00,1),(85,22,'1453961322','2016-01-28 06:08:00','Feb_2016_rent',0.00,1),(86,23,'1454084386','2016-01-29 16:19:00','test',0.00,1),(87,5,'1454231792','2016-01-31 09:16:00','Borrowing Money from Swapon',0.00,1),(88,5,'1454395755','2016-02-02 06:49:00','Cost on Borrowing money',0.00,1),(89,22,'1454604126','2016-02-04 16:42:00','feb_16_rent',0.00,1),(90,22,'1454606231','2016-02-04 17:17:00','feb_16_bua',0.00,1),(91,22,'1454607730','2016-02-04 17:42:00','feb_16_current',0.00,1),(92,5,'1454615722','2016-02-04 19:55:00','Saad+Rumana doctor+form fillup ',0.00,1),(93,5,'1454739320','2016-02-06 06:15:00','Salary @ jan-16',0.00,1),(94,5,'1454822676','2016-02-07 05:24:00','Medical Test of Ma',0.00,1),(95,5,'1454823789','2016-02-07 11:43:00','Death of Loveli\\\'s F.in Law',0.00,1),(96,5,'1454824048','2016-02-07 11:47:00','Sami\\\'s Choklet',0.00,1),(97,5,'1454824363','2016-02-07 11:52:00','sami\\\'s choklet',0.00,1),(98,5,'1454824383','2016-02-07 11:53:00','à¦¸à¦¾à¦®à¦¿à¦° à¦šà¦•à¦²à§‡à¦Ÿ',0.00,1),(99,5,'1454826176','2016-02-07 12:22:00','sami\'s chokle',0.00,1),(100,5,'1454860049','2016-02-07 21:47:00','2nd Phase of Salar Jan-2016',0.00,1),(101,5,'1454911056','2016-02-08 11:57:00','Ricksha+Jakir',0.00,1),(102,5,'1454997821','2016-02-09 12:03:00','vehicle cost',0.00,1),(103,5,'1454998453','2016-02-09 12:14:00','à¦¬à¦¾à¦œà¦¾à¦°',0.00,1),(104,5,'1455018911','2016-02-09 17:55:00','Borrowing Money from Liton',0.00,1),(105,22,'1455032828','2016-02-09 21:47:00','feb_rent_16',0.00,1),(106,22,'1455033221','2016-02-09 21:53:00','feb_bua',0.00,1),(107,5,'1455104696','2016-02-10 17:44:00','à¦¸à¦¾à¦®à¦¿à¦° à¦œà¦¨à§à¦¯ à¦¬à¦¾à¦²à¦¿à¦¶',0.00,1),(108,22,'1455122965','2016-02-10 22:49:00','feb_16_rent',0.00,1),(109,5,'1455131954','2016-02-11 01:19:00','Borrowing from Boro Mama',0.00,1),(110,5,'1455169194','2016-02-11 11:39:00','vehicle cost',0.00,1),(111,5,'1455194297','2016-02-11 18:38:00','Salary 3rd Phase : Jan-16',0.00,1),(112,5,'1455219369','2016-02-12 01:36:00','Bazar+Ma\'r Osud',0.00,1),(113,5,'1455254549','2016-02-12 11:22:00','Ma return to home',0.00,1),(114,22,'1455260687','2016-02-12 13:04:00','feb-16',0.00,1),(115,22,'1455260739','2016-02-12 13:05:00','feb_16',0.00,1),(116,5,'1455439459','2016-02-14 14:44:00','House-Rent : Feb-2016',0.00,1),(117,5,'1455622689','2016-02-16 17:38:00','Back. A.Salam ',0.00,1),(118,5,'1455624037','2016-02-16 18:00:00','Back Eyacin\'s Tk',0.00,1),(119,5,'1455624087','2016-02-16 18:01:00','Salary of Jan-16',0.00,1),(120,5,'1455690914','2016-02-17 12:35:00','Jakir\'s Tution + Abba\'s 3rd Chillah',0.00,1),(121,5,'1455794364','2016-02-18 17:19:00','Monthly Salary-Jan:2016',0.00,1),(122,5,'1455945072','2016-02-20 11:11:00','à¦¬à¦¾à§œà¦¿ à¦¯à¦¾à¦“à§Ÿà¦¾à¦° à¦•à§‡à¦¨à¦¾-à¦•à¦¾à¦Ÿà¦¾',0.00,1),(123,22,'1455975805','2016-02-20 19:43:00','current_feb_16',0.00,1),(124,22,'1456117835','2016-02-22 11:10:00','feb_rent_16',0.00,1),(125,5,'1456811764','2016-03-01 11:56:00','Borrowing Money for journey to village',0.00,1),(126,22,'1457166893','2016-03-05 14:34:00','march_current_16',0.00,1),(127,5,'1457238222','2016-03-06 10:23:00','1st Phase Salary @ Feb - 2016',0.00,1),(128,22,'1457357507','2016-03-07 19:31:00','bua_march_16',0.00,1),(129,22,'1457357872','2016-03-07 19:37:00','March_current_16',0.00,1),(130,22,'1457359469','2016-03-07 20:04:00','Mar_curr_16',0.00,1),(131,5,'1457518770','2016-03-09 16:19:00','Borrowing Money from Swapon',0.00,1),(132,5,'1457519827','2016-03-09 16:37:00','Bazar: new fiter',0.00,1),(133,5,'1457844345','2016-03-13 10:45:00','Back Eyacin\'s Tk',0.00,1),(134,22,'1457962708','2016-03-14 19:38:00','March_rent_16',0.00,1),(135,22,'1457962787','2016-03-14 19:39:00','march_bua_16',0.00,1),(136,5,'1458192739','2016-03-17 11:32:00','3rd phase of salary @ Feb-2016',0.00,1),(137,22,'1458583949','2016-03-22 00:12:00','march_rent_16',0.00,1),(138,5,'1458635104','2016-03-22 14:25:00','Salary-Feb-16',0.00,1),(139,5,'1458635305','2016-03-22 14:28:00','Salary-Feb-16',0.00,1),(140,5,'1460178868','2016-04-09 11:14:00','1st Phase Salary @ March - 2016',0.00,1),(141,5,'1460377125','2016-04-11 18:18:00','2nd phase salary @March-2016',0.00,1),(142,5,'1460530402','2016-04-13 12:53:00','3rd phase salary: March-2016',0.00,1),(143,5,'1460782169','2016-04-16 10:49:00','4th Phase salary march-2016',0.00,1),(144,22,'1461003264','2016-04-19 00:14:00','Fixed cost of every month',0.00,1),(145,5,'1461216777','2016-04-21 11:32:00','Last-phase Salary :: March-2016',0.00,1),(146,5,'1462608752','2016-05-07 14:12:00','Salary 1st phase @ April-16',0.00,1),(147,5,'1463032298','2016-05-12 11:51:00','2nd Phase salary @ April-16',0.00,1);
/*!40000 ALTER TABLE `tbl_voucher_list` ENABLE KEYS */;
UNLOCK TABLES;
/*!40103 SET TIME_ZONE=@OLD_TIME_ZONE */;

/*!40101 SET SQL_MODE=@OLD_SQL_MODE */;
/*!40014 SET FOREIGN_KEY_CHECKS=@OLD_FOREIGN_KEY_CHECKS */;
/*!40014 SET UNIQUE_CHECKS=@OLD_UNIQUE_CHECKS */;
/*!40101 SET CHARACTER_SET_CLIENT=@OLD_CHARACTER_SET_CLIENT */;
/*!40101 SET CHARACTER_SET_RESULTS=@OLD_CHARACTER_SET_RESULTS */;
/*!40101 SET COLLATION_CONNECTION=@OLD_COLLATION_CONNECTION */;
/*!40111 SET SQL_NOTES=@OLD_SQL_NOTES */;

-- Dump completed on 2016-05-19  7:00:44
